{
  "auc": 0.5227657957799987,
  "precision_0": 0.9536757301107754,
  "recall_0": 0.9963177275118359,
  "precision_1": 0.5,
  "recall_1": 0.0707070707070707,
  "f1_1": 0.12389380530973451
}