{
  "auc": 0.9580130501131234,
  "precision_0": 0.9995780961589171,
  "recall_0": 0.9999472425436128,
  "precision_1": 0.961038961038961,
  "recall_1": 0.7551020408163265,
  "f1_1": 0.8457142857142858
}