{
  "auc": 1.0,
  "precision_0": 0.9989969909729187,
  "recall_0": 1.0,
  "precision_1": 1.0,
  "recall_1": 0.75,
  "f1_1": 0.8571428571428571
}